covariate,coef,exp(coef),se(coef),coef lower 95%,coef upper 95%,exp(coef) lower 95%,exp(coef) upper 95%,cmp to,z,p,-log2(p)
juiz_Juiz B,0.14024274895400296,1.1505530605125829,0.31033155911464455,-0.4679959301768631,0.7484814280848691,0.6262560724038225,2.113787639573219,0.0,0.4519126232411111,0.6513319302351321,0.6185351412628576
juiz_Juiz C,0.5297471812912252,1.6985028410369971,0.2844775158653322,-0.027818504216247764,1.0873128667986982,0.9725648672065462,2.966292530488945,0.0,1.8621759251511474,0.06257829673316384,3.9981937981830913
classe_Trabalhista,0.2452474470954891,1.2779374960056187,0.25229271222863875,-0.2492371824345709,0.7397320766255491,0.7793950926347702,2.095374039598173,0.0,0.9720750351014305,0.331013220839459,1.5950392547170649
